region,category,itemCode,avgPrice,sampleSize,sourcePeriod
전국,웨딩홀,HALL_RENTAL,4630000,6912,2026-H2
전국,웨딩홀,FLOWER,770000,6912,2026-H2
전국,웨딩홀,MEAL,13580000,6912,2026-H2
전국,스드메,,3150000,6912,2026-H2
전국,전체,,22130000,6912,2026-H2
수도권,웨딩홀,HALL_RENTAL,6410000,3359,2026-H2
수도권,웨딩홀,FLOWER,1320000,3359,2026-H2
수도권,웨딩홀,MEAL,17020000,3359,2026-H2
수도권,스드메,,3600000,3359,2026-H2
수도권,전체,,28340000,3359,2026-H2
비수도권,웨딩홀,HALL_RENTAL,2740000,3553,2026-H2
비수도권,웨딩홀,FLOWER,180000,3553,2026-H2
비수도권,웨딩홀,MEAL,9920000,3553,2026-H2
비수도권,스드메,,2840000,3553,2026-H2
비수도권,전체,,15690000,3553,2026-H2
서울(강남),웨딩홀,HALL_RENTAL,7580000,1277,2026-H2
서울(강남),웨딩홀,FLOWER,2260000,1277,2026-H2
서울(강남),웨딩홀,MEAL,20480000,1277,2026-H2
서울(강남),스드메,,3870000,1277,2026-H2
서울(강남),전체,,34190000,1277,2026-H2
서울(강남외),웨딩홀,HALL_RENTAL,7300000,1236,2026-H2
서울(강남외),웨딩홀,FLOWER,1330000,1236,2026-H2
서울(강남외),웨딩홀,MEAL,17760000,1236,2026-H2
서울(강남외),스드메,,5160000,1236,2026-H2
서울(강남외),전체,,31540000,1236,2026-H2
부산,웨딩홀,HALL_RENTAL,1930000,578,2026-H2
부산,웨딩홀,MEAL,7610000,578,2026-H2
부산,스드메,,2690000,578,2026-H2
부산,전체,,12240000,578,2026-H2
대구,웨딩홀,HALL_RENTAL,2180000,501,2026-H2
대구,웨딩홀,FLOWER,450000,501,2026-H2
대구,웨딩홀,MEAL,10620000,501,2026-H2
대구,스드메,,2720000,501,2026-H2
대구,전체,,15960000,501,2026-H2
인천,웨딩홀,HALL_RENTAL,2480000,268,2026-H2
인천,웨딩홀,FLOWER,190000,268,2026-H2
인천,웨딩홀,MEAL,10350000,268,2026-H2
인천,스드메,,2230000,268,2026-H2
인천,전체,,15250000,268,2026-H2
전남광주,웨딩홀,HALL_RENTAL,2410000,444,2026-H2
전남광주,웨딩홀,FLOWER,10000,444,2026-H2
전남광주,웨딩홀,MEAL,10600000,444,2026-H2
전남광주,스드메,,3240000,444,2026-H2
전남광주,전체,,16270000,444,2026-H2
대전,웨딩홀,HALL_RENTAL,3040000,305,2026-H2
대전,웨딩홀,FLOWER,590000,305,2026-H2
대전,웨딩홀,MEAL,10620000,305,2026-H2
대전,스드메,,2810000,305,2026-H2
대전,전체,,17060000,305,2026-H2
울산,웨딩홀,HALL_RENTAL,3760000,160,2026-H2
울산,웨딩홀,FLOWER,100000,160,2026-H2
울산,웨딩홀,MEAL,10530000,160,2026-H2
울산,스드메,,2210000,160,2026-H2
울산,전체,,16610000,160,2026-H2
경기도,웨딩홀,HALL_RENTAL,4120000,578,2026-H2
경기도,웨딩홀,FLOWER,460000,578,2026-H2
경기도,웨딩홀,MEAL,12970000,578,2026-H2
경기도,스드메,,2560000,578,2026-H2
경기도,전체,,20100000,578,2026-H2
강원도,웨딩홀,HALL_RENTAL,3290000,218,2026-H2
강원도,웨딩홀,FLOWER,300000,218,2026-H2
강원도,웨딩홀,MEAL,12100000,218,2026-H2
강원도,스드메,,2310000,218,2026-H2
강원도,전체,,18000000,218,2026-H2
충청도,웨딩홀,HALL_RENTAL,3700000,515,2026-H2
충청도,웨딩홀,FLOWER,120000,515,2026-H2
충청도,웨딩홀,MEAL,10230000,515,2026-H2
충청도,스드메,,2810000,515,2026-H2
충청도,전체,,16870000,515,2026-H2
전북,웨딩홀,HALL_RENTAL,3230000,310,2026-H2
전북,웨딩홀,FLOWER,220000,310,2026-H2
전북,웨딩홀,MEAL,11300000,310,2026-H2
전북,스드메,,3320000,310,2026-H2
전북,전체,,18070000,310,2026-H2
경상도,웨딩홀,HALL_RENTAL,2710000,430,2026-H2
경상도,웨딩홀,MEAL,8200000,430,2026-H2
경상도,스드메,,2370000,430,2026-H2
경상도,전체,,13290000,430,2026-H2
제주도,웨딩홀,HALL_RENTAL,1470000,92,2026-H2
제주도,웨딩홀,FLOWER,480000,92,2026-H2
제주도,웨딩홀,MEAL,14310000,92,2026-H2
제주도,스드메,,1440000,92,2026-H2
제주도,전체,,17690000,92,2026-H2
