"구분","(대관료)금액","(대관료)비율","(장식비)금액","(장식비)비율","(식비)금액","(식비)비율","(스드메)금액","(스드메)비율","총 계약금액","(총 계약금액)비율","건수","비율"
"전국","463","20.9%","77","3.5%","1,358","61.4%","315","14.2%","2,213","100%","6,912","100%"
"수도권","641","22.6%","132","4.7%","1,702","60.1%","360","12.7%","2,834","100%","3,359","48.6%"
"비수도권","274","17.5%","18","1.1%","992","63.2%","284","18.1%","1,569","100%","3,553","51.4%"
"서울(강남)","758","22.2%","226","6.6%","2,048","59.9%","387","11.3%","3,419","100%","1,277","18.5%"
"서울(강남외)","730","23.1%","133","4.2%","1,776","56.3%","516","16.4%","3,154","100%","1,236","17.9%"
"부산","193","15.8%","0","0.0%","761","62.2%","269","22.0%","1,224","100%","578","8.4%"
"대구","218","13.7%","45","2.8%","1,062","66.5%","272","17.0%","1,596","100%","501","7.2%"
"인천","248","16.3%","19","1.2%","1,035","67.9%","223","14.6%","1,525","100%","268","3.9%"
"전남광주","241","14.8%","1","0.1%","1,060","65.2%","324","19.9%","1,627","100%","444","6.4%"
"대전","304","17.8%","59","3.5%","1,062","62.3%","281","16.5%","1,706","100%","305","4.4%"
"울산","376","22.6%","10","0.6%","1,053","63.4%","221","13.3%","1,661","100%","160","2.3%"
"경기도","412","20.5%","46","2.3%","1,297","64.5%","256","12.7%","2,010","100%","578","8.4%"
"강원도","329","18.3%","30","1.7%","1,210","67.2%","231","12.8%","1,800","100%","218","3.2%"
"충청도","370","21.9%","12","0.7%","1,023","60.6%","281","16.7%","1,687","100%","515","7.5%"
"전북","323","17.9%","22","1.2%","1,130","62.5%","332","18.4%","1,807","100%","310","4.5%"
"경상도","271","20.4%","0","0.0%","820","61.7%","237","17.8%","1,329","100%","430","6.2%"
"제주도","147","8.3%","48","2.7%","1,431","80.9%","144","8.1%","1,769","100%","92","1.3%"
